{"cameraMode":{"drawMode":0,"name":"Shaded","section":"Shading Mode"},"sceneLighting":true,"audioPlay":false,"sceneViewState":{"m_AlwaysRefresh":false,"showFog":true,"showSkybox":true,"showFlares":true,"showImageEffects":true,"showParticleSystems":true,"showVisualEffectGraphs":true,"m_FxEnabled":true},"in2DMode":false,"pivot":{"x":-2.6637001037597658,"y":-13.018192291259766,"z":25.714920043945314},"rotation":{"x":0.30838698148727419,"y":-0.6796626448631287,"z":0.38717395067214968,"w":0.5413543581962586},"size":36.06952667236328,"orthographic":false}